timestamp,realized_pnl,unrealized_pnl,open_positions
2026-03-02 21:00:00+00:00,0.0,0.0,0
2026-03-03 21:00:00+00:00,0.0,94.6100000000013,1
2026-03-04 21:00:00+00:00,0.0,164.6017499999922,2
2026-03-05 21:00:00+00:00,0.0,2003.824749999985,5
2026-03-06 21:00:00+00:00,0.0,-1302.2682499999976,5
2026-03-09 20:00:00+00:00,0.0,3354.400249999989,6
2026-03-10 20:00:00+00:00,0.0,3788.1037499999884,6
2026-03-11 20:00:00+00:00,0.0,2913.4544999999716,6
2026-03-12 20:00:00+00:00,0.0,3683.8337499999743,7
2026-03-13 20:00:00+00:00,0.0,2569.4884999999813,9
2026-03-16 20:00:00+00:00,0.0,2600.6857500000087,11
2026-03-17 20:00:00+00:00,0.0,2520.5785000000096,12
2026-03-18 20:00:00+00:00,0.0,2867.8572500000028,12
2026-03-19 20:00:00+00:00,0.0,3078.0217499999903,12
2026-03-20 20:00:00+00:00,2992.3499999999954,454.0317500000005,3
2026-03-23 20:00:00+00:00,2992.3499999999954,366.6237500000047,5
2026-03-24 20:00:00+00:00,2992.3499999999954,325.8796250000003,5
2026-03-25 20:00:00+00:00,2992.3499999999954,33.74625000000141,5
2026-03-26 20:00:00+00:00,2992.3499999999954,170.03337500000242,5
2026-03-27 20:00:00+00:00,2992.3499999999954,773.1398749999953,5
2026-03-30 20:00:00+00:00,2992.3499999999954,473.70537499999455,5
2026-03-31 20:00:00+00:00,2992.3499999999954,776.6795000000034,5
2026-04-01 20:00:00+00:00,2992.3499999999954,230.89437499999292,5
2026-04-02 20:00:00+00:00,2992.3499999999954,673.3254999999976,6
2026-04-06 20:00:00+00:00,2992.3499999999954,-429.5802499999965,6
2026-04-07 20:00:00+00:00,2992.3499999999954,1539.157249999979,7
2026-04-08 20:00:00+00:00,2992.3499999999954,39.903125000007776,7
2026-04-09 20:00:00+00:00,2992.3499999999954,2445.083124999997,7
2026-04-10 20:00:00+00:00,2992.3499999999954,620.2961249999934,7
2026-04-13 20:00:00+00:00,2992.3499999999954,1096.568624999974,7
2026-04-14 20:00:00+00:00,2992.3499999999954,742.1338749999836,8
2026-04-15 20:00:00+00:00,2992.3499999999954,896.627499999991,8
2026-04-16 20:00:00+00:00,2992.3499999999954,-213.5812499999983,8
2026-04-17 20:00:00+00:00,4049.999999999996,-106.52349999999785,2
2026-04-20 20:00:00+00:00,4049.999999999996,247.3979999999989,2
2026-04-21 20:00:00+00:00,4049.999999999996,195.21900000000105,4
2026-04-22 20:00:00+00:00,4049.999999999996,1276.7159999999988,4
2026-04-23 20:00:00+00:00,4049.999999999996,189.34987500000122,4
2026-04-24 20:00:00+00:00,4049.999999999996,213.50574999999805,4
2026-04-27 20:00:00+00:00,4049.999999999996,-249.89999999999768,5
2026-04-28 20:00:00+00:00,4049.999999999996,228.10125000000176,5
2026-04-29 20:00:00+00:00,4049.999999999996,766.9122500000072,8
2026-04-30 20:00:00+00:00,4049.999999999996,829.3277499999991,8
2026-05-01 20:00:00+00:00,4049.999999999996,880.8047500000292,10
2026-05-04 20:00:00+00:00,4049.999999999996,554.0087500000234,10
2026-05-05 20:00:00+00:00,4049.999999999996,1792.6345000000124,11
2026-05-06 20:00:00+00:00,4049.999999999996,473.0137500000186,12
2026-05-07 20:00:00+00:00,4049.999999999996,987.1037500000295,12
2026-05-08 20:00:00+00:00,4049.999999999996,880.389500000018,12
2026-05-11 20:00:00+00:00,4049.999999999996,-629.8734999999929,13
2026-05-12 20:00:00+00:00,4049.999999999996,-2440.74174999998,13
2026-05-13 20:00:00+00:00,4049.999999999996,-1050.1587499999916,13
2026-05-14 20:00:00+00:00,4049.999999999996,-773.7889999999629,13
2026-05-15 20:00:00+00:00,5111.0375,-1288.7649999999749,4
2026-05-18 20:00:00+00:00,3044.37300000001,-717.6687499999878,3
2026-05-19 20:00:00+00:00,3044.37300000001,-1293.5757500000016,3
2026-05-20 20:00:00+00:00,3044.37300000001,372.0147500000021,5
2026-05-21 20:00:00+00:00,3044.37300000001,436.09975000001356,7
2026-05-22 20:00:00+00:00,3044.37300000001,75.28250000001779,8
2026-05-26 20:00:00+00:00,3044.37300000001,438.3852500000162,8
2026-05-27 20:00:00+00:00,3044.37300000001,1041.9532500000123,9
2026-05-28 20:00:00+00:00,3044.37300000001,466.3697500000083,9
2026-05-29 20:00:00+00:00,3044.37300000001,1356.0112500000096,9
2026-06-01 20:00:00+00:00,3044.37300000001,1521.3325000000211,9
2026-06-02 20:00:00+00:00,3044.37300000001,1478.3720000000098,10
2026-06-03 20:00:00+00:00,3044.37300000001,1189.2927500000148,10
2026-06-04 20:00:00+00:00,3044.37300000001,1600.7837500000028,11
2026-06-05 20:00:00+00:00,3044.37300000001,1122.5272500000076,12
2026-06-08 20:00:00+00:00,3044.37300000001,1596.2459999999935,13
2026-06-09 20:00:00+00:00,3044.37300000001,755.1867499999962,14
2026-06-10 20:00:00+00:00,3044.37300000001,810.186000000004,14
2026-06-11 20:00:00+00:00,3044.37300000001,6737.719499999995,17
2026-06-12 20:00:00+00:00,3044.37300000001,5356.505250000013,20
2026-06-15 20:00:00+00:00,3044.37300000001,4372.952500000007,20
2026-06-16 20:00:00+00:00,3044.37300000001,4926.804999999997,20
2026-06-17 20:00:00+00:00,3044.37300000001,4554.687500000019,20
2026-06-18 20:00:00+00:00,5124.573000000017,3147.5932499999926,7
2026-06-22 20:00:00+00:00,5124.573000000017,2621.0415000000085,7
2026-06-23 20:00:00+00:00,5124.573000000017,4588.190999999993,7
2026-06-24 20:00:00+00:00,5124.573000000017,2286.7184999999927,10
2026-06-25 20:00:00+00:00,5124.573000000017,3461.417749999995,11
2026-06-26 20:00:00+00:00,5124.573000000017,3632.2337499999867,11
2026-06-29 20:00:00+00:00,5124.573000000017,2522.4744999999893,12
2026-06-30 20:00:00+00:00,5124.573000000017,6645.542124999989,13
2026-07-01 20:00:00+00:00,5124.573000000017,5623.111375000024,13
2026-07-02 20:00:00+00:00,5124.573000000017,7487.7711874999895,13
2026-07-06 20:00:00+00:00,5124.573000000017,6444.11993749999,15
2026-07-07 20:00:00+00:00,5124.573000000017,3976.5323124999995,16
2026-07-08 20:00:00+00:00,5124.573000000017,4736.408125,16
2026-07-09 20:00:00+00:00,5124.573000000017,5815.013062499986,18
2026-07-10 20:00:00+00:00,5124.573000000017,6339.936000000006,18
2026-07-13 20:00:00+00:00,5124.573000000017,5160.449437499993,19
2026-07-14 20:00:00+00:00,5124.573000000017,4494.368187499996,20
2026-07-15 20:00:00+00:00,5124.573000000017,6036.572000000009,20
2026-07-16 20:00:00+00:00,5124.573000000017,5797.468562500015,20
2026-07-17 20:00:00+00:00,11792.048000000012,-152.2174999999981,1
2026-07-20 20:00:00+00:00,11792.048000000012,-200.84874999999954,2
2026-07-21 20:00:00+00:00,11792.048000000012,286.9044999999984,2
2026-07-22 20:00:00+00:00,11792.048000000012,-57.694999999998245,2
2026-07-23 20:00:00+00:00,11792.048000000012,1443.3577500000013,3
2026-07-24 20:00:00+00:00,11792.048000000012,3384.7526666666627,5
2026-07-27 20:00:00+00:00,11792.048000000012,3137.2826666666833,8
2026-07-28 20:00:00+00:00,11792.048000000012,4413.80991666665,11
2026-07-29 20:00:00+00:00,11792.048000000012,636.8661666666687,11
2026-07-30 20:00:00+00:00,11792.048000000012,3948.0876666666686,11
2026-07-31 20:00:00+00:00,11792.048000000012,5001.449166666675,12
2026-08-03 20:00:00+00:00,11792.048000000012,8012.693854166676,14
2026-08-04 20:00:00+00:00,11792.048000000012,6451.721166666683,15
2026-08-05 20:00:00+00:00,11792.048000000012,1569.224854166665,15
2026-08-06 20:00:00+00:00,11792.048000000012,1144.1310416666709,16
2026-08-07 20:00:00+00:00,11792.048000000012,4428.03754166667,16
2026-08-10 20:00:00+00:00,11792.048000000012,5342.370729166674,17
2026-08-11 20:00:00+00:00,11792.048000000012,4143.71685416668,18
2026-08-12 20:00:00+00:00,11792.048000000012,7433.398604166678,18
2026-08-13 20:00:00+00:00,11792.048000000012,1203.7567916666824,18
2026-08-14 20:00:00+00:00,11792.048000000012,3262.5821666666484,18
2026-08-17 20:00:00+00:00,11792.048000000012,-440.40914583332636,19
2026-08-18 20:00:00+00:00,11792.048000000012,3486.674229166669,19
2026-08-19 20:00:00+00:00,11792.048000000012,476.7322291666795,19
2026-08-20 20:00:00+00:00,6474.110500000016,-1764.1790833333237,17
2026-08-21 20:00:00+00:00,10301.46675000002,-1629.1910833333327,2
2026-08-24 20:00:00+00:00,10301.46675000002,-1700.332833333328,2
2026-08-25 20:00:00+00:00,10301.46675000002,1454.4424166666677,3
2026-08-26 20:00:00+00:00,10301.46675000002,1918.8594166666703,3
2026-08-27 20:00:00+00:00,10301.46675000002,1711.3844166666654,3
2026-08-28 20:00:00+00:00,10301.46675000002,1339.1681666666673,3
2026-08-31 20:00:00+00:00,10301.46675000002,-256.63733333333573,4
2026-09-01 20:00:00+00:00,10301.46675000002,-373.7958333333323,5
2026-09-02 20:00:00+00:00,10301.46675000002,2300.818666666672,5
2026-09-03 20:00:00+00:00,10301.46675000002,1923.045416666674,5
2026-09-04 20:00:00+00:00,10301.46675000002,1903.5109166666673,5
2026-09-08 20:00:00+00:00,10301.46675000002,732.5909166666722,5
2026-09-09 20:00:00+00:00,10301.46675000002,-74.36258333334371,8
2026-09-10 20:00:00+00:00,10301.46675000002,-32.60658333332897,8
2026-09-11 20:00:00+00:00,10301.46675000002,236.51416666665534,8
